log_id,admin_id,user_id,log_action,log_status,log_location,log_date
632,6788124,0,"admin approve id application",success,Unknown,"2024-09-30 15:52:35"
633,6788124,0,"admin view audit logs",success,Unknown,"2024-09-30 15:52:49"
634,6788124,0,"admin view server id applications",success,Unknown,"2024-09-30 15:52:49"
635,6788124,0,"admin verify id application",success,Unknown,"2024-09-30 15:52:52"
636,0,14,"user login",success,Unknown,"2024-09-30 15:54:30"
637,0,0,"user view dashboard",failed,Unknown,"2024-09-30 15:54:30"
638,0,14,"user login",success,Unknown,"2024-09-30 15:54:36"
639,0,14,"user view dashboard",success,Unknown,"2024-09-30 15:54:37"
640,0,14,"user view id application",success,Unknown,"2024-09-30 15:54:41"
641,0,14,"server id application",success,Unknown,"2024-09-30 15:56:03"
642,0,14,"id application",success,Unknown,"2024-09-30 15:56:49"
643,0,14,"user view id application",success,Unknown,"2024-09-30 15:56:50"
644,6788171,0,"admin login",success,Unknown,"2024-09-30 15:57:16"
645,0,0,"admin view dashboard",failed,Unknown,"2024-09-30 15:57:17"
646,6788171,0,"admin login",success,Unknown,"2024-09-30 15:57:25"
647,6788171,0,"admin view dashboard",success,Unknown,"2024-09-30 15:57:26"
648,6788171,0,"admin view server dashboard",success,Unknown,"2024-09-30 15:57:26"
649,6788171,0,"admin view audit logs",success,Unknown,"2024-09-30 15:57:38"
650,6788171,0,"admin view server id applications",success,Unknown,"2024-09-30 15:57:39"
651,6788171,0,"admin verify id application",success,Unknown,"2024-09-30 15:57:47"
652,6788171,0,"admin view audit logs",success,Unknown,"2024-09-30 15:58:27"
653,6788171,0,"admin view server id applications",success,Unknown,"2024-09-30 15:58:27"
654,6788171,0,"admin verify id application",success,Unknown,"2024-09-30 15:58:39"
655,6788171,0,"admin view audit logs",success,Unknown,"2024-09-30 15:58:52"
656,6788171,0,"admin view server audit logs",success,Unknown,"2024-09-30 15:58:53"
657,6788171,0,"admin view audit logs",success,Unknown,"2024-09-30 15:59:01"
658,6788171,0,"admin view audit logs",success,Unknown,"2024-09-30 15:59:47"
659,6788171,0,"admin view server audit logs",success,Unknown,"2024-09-30 16:00:48"
660,6788171,0,"admin view audit logs",success,Unknown,"2024-09-30 16:00:49"
661,6788171,0,"admin view server audit logs",success,Unknown,"2024-09-30 16:00:49"
662,6788171,0,"admin view audit logs",success,Unknown,"2024-09-30 16:00:49"
663,6788171,0,"admin view server audit logs",success,Unknown,"2024-09-30 16:00:50"
664,6788171,0,"admin view audit logs",success,Unknown,"2024-09-30 16:00:50"
665,6788171,0,"admin view server id applications",success,Unknown,"2024-09-30 16:00:51"
666,6788171,0,"admin verify id application",success,Unknown,"2024-09-30 16:01:08"
667,6788171,0,"admin verify id application",success,Unknown,"2024-09-30 16:02:04"
668,6788171,0,"admin verify id application",success,Unknown,"2024-09-30 16:02:37"
669,6788171,0,"admin verify id application",success,Unknown,"2024-09-30 16:08:38"
670,6788171,0,"admin verify id application",success,Unknown,"2024-09-30 16:09:31"
671,6788171,0,"admin view audit logs",success,Unknown,"2024-09-30 16:09:49"
672,6788171,0,"admin view server id applications",success,Unknown,"2024-09-30 16:09:50"
673,6788171,0,"admin approve id application",success,Unknown,"2024-09-30 16:11:56"
674,6788171,0,"admin view audit logs",success,Unknown,"2024-09-30 16:12:02"
675,6788171,0,"admin view server id applications",success,Unknown,"2024-09-30 16:12:03"
676,6788171,0,"admin reject id application",success,Unknown,"2024-09-30 16:12:06"
677,6788171,0,"admin view audit logs",success,Unknown,"2024-09-30 16:12:22"
678,6788171,0,"admin view server id applications",success,Unknown,"2024-09-30 16:12:23"
679,6789265,0,"admin login",success,Unknown,"2024-09-30 20:04:23"
680,0,0,"admin view dashboard",failed,Unknown,"2024-09-30 20:04:24"
681,6789265,0,"admin login",success,Unknown,"2024-09-30 20:04:32"
682,6789265,0,"admin view dashboard",success,Unknown,"2024-09-30 20:04:33"
683,6789265,0,"admin view server dashboard",success,Unknown,"2024-09-30 20:04:33"
684,6789265,0,"admin view audit logs",success,Unknown,"2024-09-30 20:04:44"
685,6789265,0,"admin view audit logs",success,Unknown,"2024-09-30 20:07:32"
686,6789265,0,"admin view audit logs",success,Unknown,"2024-09-30 20:14:03"
687,6789265,0,"admin view audit logs",success,Unknown,"2024-09-30 20:15:01"
688,6789265,0,"admin view audit logs",success,Unknown,"2024-09-30 20:20:44"
689,6789265,0,"admin view audit logs",success,Unknown,"2024-09-30 20:22:56"
690,6789265,0,"admin view audit logs",success,Unknown,"2024-09-30 20:28:01"
691,6789265,0,"admin view audit logs",success,Unknown,"2024-09-30 20:31:13"
692,6789265,0,"admin view audit logs",success,Unknown,"2024-09-30 20:32:47"
693,6789265,0,"admin view audit logs",success,Unknown,"2024-09-30 20:33:12"
694,6789265,0,"admin view audit logs",success,Unknown,"2024-09-30 20:36:13"
695,6789265,0,"admin view audit logs",success,Unknown,"2024-09-30 20:37:04"
696,6789265,0,"admin view audit logs",success,Unknown,"2024-09-30 20:38:13"
697,6789265,0,"admin view audit logs",success,Unknown,"2024-09-30 20:38:26"
698,6789265,0,"admin view audit logs",success,Unknown,"2024-09-30 20:38:45"
699,6789265,0,"admin view audit logs",success,Unknown,"2024-09-30 20:42:34"
700,6789265,0,"admin view audit logs",success,Unknown,"2024-09-30 22:20:17"
701,6826040,0,"admin login",success,Unknown,"2024-10-06 15:18:35"
702,0,0,"admin view dashboard",failed,Unknown,"2024-10-06 15:18:36"
703,6826040,0,"admin login",success,Unknown,"2024-10-06 15:18:48"
704,6826040,0,"admin view dashboard",success,Unknown,"2024-10-06 15:18:48"
705,6826040,0,"admin view server dashboard",success,Unknown,"2024-10-06 15:18:49"
706,6826040,0,"admin view audit logs",success,Unknown,"2024-10-06 15:19:07"
707,6826040,0,"admin view server audit logs",success,Unknown,"2024-10-06 15:19:09"
708,6826040,0,"admin view audit logs",success,Unknown,"2024-10-06 15:21:51"
709,6826040,0,"admin view audit logs",success,Unknown,"2024-10-06 15:23:43"
710,6826040,0,"admin view audit logs",success,Unknown,"2024-10-06 15:23:56"
711,6826040,0,"admin view server audit logs",success,Unknown,"2024-10-06 15:24:00"
712,6826040,0,"admin view audit logs",success,Unknown,"2024-10-06 15:24:54"
713,6826040,0,"admin view audit logs",success,Unknown,"2024-10-06 15:26:36"
714,6826040,0,"admin view audit logs",success,Unknown,"2024-10-06 15:27:01"
715,6826040,0,"admin view server audit logs",success,Unknown,"2024-10-06 15:27:01"
716,6826040,0,"admin view audit logs",success,Unknown,"2024-10-06 15:27:06"
717,0,0,"admin view dashboard",failed,Unknown,"2024-10-06 15:57:27"
718,6826040,0,"admin view dashboard",success,Unknown,"2024-10-06 15:57:28"
719,6826040,0,"admin view server dashboard",success,Unknown,"2024-10-06 15:57:29"
720,6826040,0,"admin view audit logs",success,Unknown,"2024-10-06 15:57:35"
721,6826040,0,"admin view audit logs",success,Unknown,"2024-10-06 15:59:21"
722,6826040,0,"admin view server audit logs",success,Unknown,"2024-10-06 15:59:23"
723,6826040,0,"admin view audit logs",success,Unknown,"2024-10-06 15:59:27"
724,6826040,0,"admin view audit logs",success,Unknown,"2024-10-06 16:02:33"
725,6826040,0,"admin view server audit logs",success,Unknown,"2024-10-06 16:02:33"
726,6826040,0,"admin view audit logs",success,Unknown,"2024-10-06 16:02:37"
727,6826040,0,"admin view server audit logs",success,Unknown,"2024-10-06 16:02:41"
728,6826040,0,"admin view audit logs",success,Unknown,"2024-10-06 16:04:48"
729,6826040,0,"admin view server verify audit logs",success,Unknown,"2024-10-06 16:04:50"
730,6826040,0,"admin view audit logs",success,Unknown,"2024-10-06 16:06:56"
731,6826040,0,"admin view server audit logs",success,Unknown,"2024-10-06 16:06:57"
732,6826040,0,"admin view audit logs",success,Unknown,"2024-10-06 16:07:00"
733,6826040,0,"admin view server verify audit logs",success,Unknown,"2024-10-06 16:07:01"
734,6826040,0,"admin view audit logs",success,Unknown,"2024-10-06 16:15:20"
735,6826040,0,"admin view server audit logs",success,Unknown,"2024-10-06 16:15:21"
736,6826040,0,"admin view audit logs",success,Unknown,"2024-10-06 16:15:24"
737,6826040,0,"admin view server verify audit logs",success,Unknown,"2024-10-06 16:15:25"
738,6826040,0,"admin view audit logs",success,Unknown,"2024-10-06 16:16:10"
739,6826040,0,"admin view server audit logs",success,Unknown,"2024-10-06 16:16:10"
740,6826040,0,"admin view audit logs",success,Unknown,"2024-10-06 16:20:01"
741,6826040,0,"admin view server verify audit logs",success,Unknown,"2024-10-06 16:20:03"
742,0,0,"admin view dashboard",failed,Unknown,"2024-10-06 16:21:38"
743,6826040,0,"admin view dashboard",success,Unknown,"2024-10-06 16:21:40"
744,6826040,0,"admin view server dashboard",success,Unknown,"2024-10-06 16:21:41"
745,6826040,0,"admin view audit logs",success,Unknown,"2024-10-06 16:21:45"
746,6826040,0,"admin view server id applications",success,Unknown,"2024-10-06 16:21:46"
747,0,0,"admin view dashboard",failed,Unknown,"2024-10-06 16:21:49"
748,6826040,0,"admin view dashboard",success,Unknown,"2024-10-06 16:21:52"
749,6826040,0,"admin view server dashboard",success,Unknown,"2024-10-06 16:21:53"
750,6826040,0,"admin view audit logs",success,Unknown,"2024-10-06 16:22:00"
751,6826040,0,"admin view server audit logs",success,Unknown,"2024-10-06 16:22:00"
752,6826040,0,"admin view users",success,Unknown,"2024-10-06 16:22:03"
753,6826040,0,"admin view server users",success,Unknown,"2024-10-06 16:22:04"
754,6826040,0,"admin view users",success,Unknown,"2024-10-06 16:22:48"
755,6826040,0,"admin view server users",success,Unknown,"2024-10-06 16:22:49"
756,0,0,"admin view audit logs",failed,Unknown,"2024-10-06 16:23:24"
757,0,0,"admin view id applications",failed,Unknown,"2024-10-06 16:23:42"
758,0,0,"admin view dashboard",failed,Unknown,"2024-10-06 16:23:48"
759,0,0,"admin view users",failed,Unknown,"2024-10-06 16:23:59"
760,0,0,"admin view audit logs",failed,Unknown,"2024-10-06 16:24:04"
761,6826322,0,"admin login",success,Unknown,"2024-10-06 16:24:37"
762,0,0,"admin view dashboard",failed,Unknown,"2024-10-06 16:24:38"
763,6826322,0,"admin login",success,Unknown,"2024-10-06 16:24:45"
764,6826322,0,"admin view dashboard",success,Unknown,"2024-10-06 16:24:46"
765,6826322,0,"admin view server dashboard",success,Unknown,"2024-10-06 16:24:46"
766,6826322,0,"admin view audit logs",success,Unknown,"2024-10-06 16:24:51"
767,6826322,0,"admin view server audit logs",success,Unknown,"2024-10-06 16:24:51"
768,6826322,0,"admin view audit logs",success,Unknown,"2024-10-06 16:24:55"
769,6826322,0,"admin view server verify audit logs",success,Unknown,"2024-10-06 16:24:59"
770,6826322,0,"admin view audit logs",success,Unknown,"2024-10-06 16:25:43"
771,6826322,0,"admin view server audit logs",success,Unknown,"2024-10-06 16:25:44"
772,6826322,0,"admin view audit logs",success,Unknown,"2024-10-06 16:25:46"
773,6826322,0,"admin view server verify audit logs",success,Unknown,"2024-10-06 16:25:47"
774,6826322,0,"admin view audit logs",success,Unknown,"2024-10-06 16:28:17"
775,6826322,0,"admin view server audit logs",success,Unknown,"2024-10-06 16:28:18"
776,6826322,0,"admin view audit logs",success,Unknown,"2024-10-06 16:29:04"
777,6826322,0,"admin view server audit logs",success,Unknown,"2024-10-06 16:29:04"
778,6826322,0,"admin view audit logs",success,Unknown,"2024-10-06 16:29:09"
779,6826322,0,"admin view server verify audit logs",success,Unknown,"2024-10-06 16:29:10"
780,6826322,0,"admin view audit logs",success,Unknown,"2024-10-06 16:31:00"
781,6826322,0,"admin view server audit logs",success,Unknown,"2024-10-06 16:31:01"
782,6826322,0,"admin view audit logs",success,Unknown,"2024-10-06 16:31:04"
783,6826322,0,"admin view server verify audit logs",success,Unknown,"2024-10-06 16:31:04"
784,6826322,0,"admin view audit logs",success,Unknown,"2024-10-06 16:41:35"
785,6826322,0,"admin view server verify audit logs",success,Unknown,"2024-10-06 16:41:36"
786,6826322,0,"admin view audit logs",success,Unknown,"2024-10-06 16:42:56"
787,6826322,0,"admin view server audit logs",success,Unknown,"2024-10-06 16:42:56"
788,6826322,0,"admin view audit logs",success,Unknown,"2024-10-06 16:46:59"
789,6826322,0,"admin view server verify audit logs",success,Unknown,"2024-10-06 16:46:59"
790,6826322,0,"admin view audit logs",success,Unknown,"2024-10-06 16:48:13"
791,6826322,0,"admin view server verify audit logs",success,Unknown,"2024-10-06 16:48:13"
792,6826322,0,"admin view audit logs",success,Unknown,"2024-10-06 17:12:14"
793,6826322,0,"admin view server audit logs",success,Unknown,"2024-10-06 17:12:16"
794,6826322,0,"admin view audit logs",success,Unknown,"2024-10-06 17:12:20"
795,6826322,0,"admin view server verify audit logs",success,Unknown,"2024-10-06 17:12:21"
796,6826322,0,"admin view audit logs",success,Unknown,"2024-10-06 17:16:03"
797,6826322,0,"admin view server audit logs",success,Unknown,"2024-10-06 17:16:04"
798,6826322,0,"admin view audit logs",success,Unknown,"2024-10-06 17:16:09"
799,6826322,0,"admin view server verify audit logs",success,Unknown,"2024-10-06 17:16:10"
800,6826322,0,"admin view audit logs",success,Unknown,"2024-10-06 17:18:25"
801,6826322,0,"admin view server audit logs",success,Unknown,"2024-10-06 17:18:26"
802,6826322,0,"admin view audit logs",success,Unknown,"2024-10-06 17:18:30"
803,6826322,0,"admin view server verify audit logs",success,Unknown,"2024-10-06 17:18:31"
804,6826322,0,"admin view audit logs",success,Unknown,"2024-10-06 17:23:17"
805,6826322,0,"admin view server audit logs",success,Unknown,"2024-10-06 17:23:19"
806,6826322,0,"admin view audit logs",success,Unknown,"2024-10-06 17:23:23"
807,6826322,0,"admin view server verify audit logs",success,Unknown,"2024-10-06 17:23:23"
808,6826322,0,"admin view audit logs",success,Unknown,"2024-10-06 17:24:09"
809,6826322,0,"admin view server verify audit logs",success,Unknown,"2024-10-06 17:24:09"
810,6826322,0,"admin view audit logs",success,Unknown,"2024-10-06 17:24:29"
811,6826322,0,"admin view server verify audit logs",success,Unknown,"2024-10-06 17:24:30"
812,6826322,0,"admin view audit logs",success,Unknown,"2024-10-06 17:24:46"
813,6826322,0,"admin view server verify audit logs",success,Unknown,"2024-10-06 17:24:47"
814,6826322,0,"admin view audit logs",success,Unknown,"2024-10-06 17:30:23"
815,6826322,0,"admin view server audit logs",success,Unknown,"2024-10-06 17:30:24"
816,6826322,0,"admin view audit logs",success,Unknown,"2024-10-06 17:30:28"
817,6826322,0,"admin view server verify audit logs",success,Unknown,"2024-10-06 17:30:29"
818,6826322,0,"admin view audit logs",success,Unknown,"2024-10-06 17:33:21"
819,6826322,0,"admin view server audit logs",success,Unknown,"2024-10-06 17:33:21"
820,6826322,0,"admin view audit logs",success,Unknown,"2024-10-06 17:33:24"
821,6826322,0,"admin view server verify audit logs",success,Unknown,"2024-10-06 17:33:25"
822,6826322,0,"admin view audit logs",success,Unknown,"2024-10-06 17:33:35"
823,6826322,0,"admin view server verify audit logs",success,Unknown,"2024-10-06 17:33:36"
824,6826322,0,"admin view audit logs",success,Unknown,"2024-10-06 17:34:16"
825,6826322,0,"admin view server verify audit logs",success,Unknown,"2024-10-06 17:34:17"
826,6826322,0,"admin view audit logs",success,Unknown,"2024-10-06 17:40:53"
827,6826322,0,"admin view server verify audit logs",success,Unknown,"2024-10-06 17:40:53"
828,6826322,0,"admin view audit logs",success,Unknown,"2024-10-06 17:41:31"
829,6826322,0,"admin view server audit logs",success,Unknown,"2024-10-06 17:41:32"
830,6826322,0,"admin view users",success,Unknown,"2024-10-06 17:43:42"
831,6826322,0,"admin view server users",success,Unknown,"2024-10-06 17:43:43"
832,0,0,"admin view dashboard",failed,Unknown,"2024-10-06 17:43:47"
833,6826322,0,"admin view dashboard",success,Unknown,"2024-10-06 17:43:47"
834,6826322,0,"admin view server dashboard",success,Unknown,"2024-10-06 17:43:48"
835,6826322,0,"admin view audit logs",success,Unknown,"2024-10-06 17:43:50"
836,6826322,0,"admin view server verify audit logs",success,Unknown,"2024-10-06 17:43:51"
837,6826322,0,"admin view audit logs",success,Unknown,"2024-10-06 17:45:54"
838,6826322,0,"admin view server audit logs",success,Unknown,"2024-10-06 17:45:55"
839,6826322,0,"admin view audit logs",success,Unknown,"2024-10-06 17:45:58"
840,6826322,0,"admin view server verify audit logs",success,Unknown,"2024-10-06 17:45:58"
841,6826322,0,"admin view audit logs",success,Unknown,"2024-10-06 17:48:21"
842,6826322,0,"admin view server verify audit logs",success,Unknown,"2024-10-06 17:48:21"
843,6826322,0,"admin view audit logs",success,Unknown,"2024-10-06 17:52:38"
844,6826322,0,"admin view server audit logs",success,Unknown,"2024-10-06 17:52:39"
845,6826322,0,"admin view audit logs",success,Unknown,"2024-10-06 17:52:41"
846,6826322,0,"admin view server verify audit logs",success,Unknown,"2024-10-06 17:52:42"
847,6826322,0,"admin view audit logs",success,Unknown,"2024-10-06 17:53:40"
848,6826322,0,"admin view server verify audit logs",success,Unknown,"2024-10-06 17:53:41"
849,6826322,0,"admin view audit logs",success,Unknown,"2024-10-06 17:53:58"
850,6826322,0,"admin view server verify audit logs",success,Unknown,"2024-10-06 17:53:58"
851,6826322,0,"admin view audit logs",success,Unknown,"2024-10-06 17:54:27"
852,6826322,0,"admin view server audit logs",success,Unknown,"2024-10-06 17:54:27"
853,6826322,0,"admin view audit logs",success,Unknown,"2024-10-06 17:55:09"
854,6826322,0,"admin view server verify audit logs",success,Unknown,"2024-10-06 17:55:10"
855,6826322,0,"admin view audit logs",success,Unknown,"2024-10-06 18:01:19"
856,6826322,0,"admin view server verify audit logs",success,Unknown,"2024-10-06 18:01:19"
857,6826322,0,"admin view audit logs",success,Unknown,"2024-10-06 18:02:56"
858,6826322,0,"admin view server audit logs",success,Unknown,"2024-10-06 18:02:56"
859,6826322,0,"admin view audit logs",success,Unknown,"2024-10-06 18:03:01"
860,6826322,0,"admin view server id applications",success,Unknown,"2024-10-06 18:03:02"
861,6826322,0,"admin view audit logs",success,Unknown,"2024-10-06 18:03:11"
862,6826322,0,"admin view server id applications",success,Unknown,"2024-10-06 18:03:11"
863,6826322,0,"admin view audit logs",success,Unknown,"2024-10-06 18:03:18"
864,6826322,0,"admin view server id applications",success,Unknown,"2024-10-06 18:03:18"
865,6826322,0,"admin verify id application",success,Unknown,"2024-10-06 18:03:23"
866,0,15,"user login",success,Unknown,"2024-10-06 18:04:09"
867,0,0,"user view dashboard",failed,Unknown,"2024-10-06 18:04:09"
868,0,15,"user login",success,Unknown,"2024-10-06 18:04:19"
869,0,15,"user view dashboard",success,Unknown,"2024-10-06 18:04:19"
870,0,15,"user view civil registration",success,Unknown,"2024-10-06 18:05:26"
871,0,15,"user view id application",success,Unknown,"2024-10-06 18:05:33"
872,0,0,"user view dashboard",failed,Unknown,"2024-10-06 18:05:42"
873,0,15,"user view id application",success,Unknown,"2024-10-06 18:06:17"
874,0,15,"user view dashboard",success,Unknown,"2024-10-06 18:06:18"
875,0,15,"user login",success,Unknown,"2024-10-06 18:06:28"
876,0,15,"user view dashboard",success,Unknown,"2024-10-06 18:06:30"
877,6826776,0,"admin login",success,Unknown,"2024-10-06 18:07:23"
878,0,0,"admin view dashboard",failed,Unknown,"2024-10-06 18:07:24"
879,6826776,0,"admin login",success,Unknown,"2024-10-06 18:07:34"
880,6826776,0,"admin view dashboard",success,Unknown,"2024-10-06 18:07:34"
881,6826776,0,"admin view server dashboard",success,Unknown,"2024-10-06 18:07:35"
882,6826776,0,"admin view audit logs",success,Unknown,"2024-10-06 18:07:39"
883,6826776,0,"admin view server verify audit logs",success,Unknown,"2024-10-06 18:07:39"
884,6826776,0,"admin view audit logs",success,Unknown,"2024-10-06 18:08:21"
885,6826776,0,"admin view server audit logs",success,Unknown,"2024-10-06 18:08:22"
886,6826776,0,"admin view audit logs",success,Unknown,"2024-10-06 18:08:34"
887,6826776,0,"admin view server verify audit logs",success,Unknown,"2024-10-06 18:08:35"
888,6826776,0,"admin view audit logs",success,Unknown,"2024-10-06 18:18:28"
889,6826776,0,"admin view server verify audit logs",success,Unknown,"2024-10-06 18:18:28"
890,6826776,0,"admin view audit logs",success,Unknown,"2024-10-06 18:19:49"
891,6826776,0,"admin view server verify audit logs",success,Unknown,"2024-10-06 18:19:52"
892,6826776,0,"admin view audit logs",success,Unknown,"2024-10-06 18:21:16"
893,6826776,0,"admin view server verify audit logs",success,Unknown,"2024-10-06 18:21:17"
894,6826776,0,"admin view audit logs",success,Unknown,"2024-10-06 18:22:11"
895,6826776,0,"admin view server id applications",success,Unknown,"2024-10-06 18:22:11"
896,6826776,0,"admin view audit logs",success,Unknown,"2024-10-06 18:22:31"
897,6826776,0,"admin view server audit logs",success,Unknown,"2024-10-06 18:22:32"
898,6826776,0,"admin view audit logs",success,Unknown,"2024-10-06 18:22:39"
899,6826776,0,"admin view server verify audit logs",success,Unknown,"2024-10-06 18:22:39"
900,6826776,0,"admin view audit logs",success,Unknown,"2024-10-06 18:26:08"
901,6826776,0,"admin view server verify audit logs",success,Unknown,"2024-10-06 18:26:08"
902,6826776,0,"admin view audit logs",success,Unknown,"2024-10-06 18:26:46"
903,6826776,0,"admin view server audit logs",success,Unknown,"2024-10-06 18:26:46"
904,6826776,0,"admin view audit logs",success,Unknown,"2024-10-06 18:27:03"
905,6826776,0,"admin view server verify audit logs",success,Unknown,"2024-10-06 18:27:03"
906,6826776,0,"admin view audit logs",success,Unknown,"2024-10-06 18:30:08"
907,6826776,0,"admin view server verify audit logs",success,Unknown,"2024-10-06 18:30:08"
908,6826776,0,"admin view audit logs",success,Unknown,"2024-10-06 18:30:41"
909,6826776,0,"admin view server verify audit logs",success,Unknown,"2024-10-06 18:30:42"
910,6826776,0,"admin view audit logs",success,Unknown,"2024-10-06 18:31:33"
911,6826776,0,"admin view server verify audit logs",success,Unknown,"2024-10-06 18:31:33"
912,6826776,0,"admin view audit logs",success,Unknown,"2024-10-06 18:32:11"
913,6826776,0,"admin view server audit logs",success,Unknown,"2024-10-06 18:32:12"
914,6826776,0,"admin view audit logs",success,Unknown,"2024-10-06 18:32:14"
915,6826776,0,"admin view server verify audit logs",success,Unknown,"2024-10-06 18:32:15"
916,6826776,0,"admin view audit logs",success,Unknown,"2024-10-06 18:33:11"
917,6826776,0,"admin view server verify audit logs",success,Unknown,"2024-10-06 18:33:11"
918,6826776,0,"admin view audit logs",success,Unknown,"2024-10-06 18:34:49"
919,6826776,0,"admin view server verify audit logs",success,Unknown,"2024-10-06 18:34:49"
920,6826776,0,"admin view audit logs",success,Unknown,"2024-10-06 18:35:36"
921,6826776,0,"admin view server verify audit logs",success,Unknown,"2024-10-06 18:35:36"
922,6826776,0,"admin view audit logs",success,Unknown,"2024-10-06 18:37:24"
923,6826776,0,"admin view server verify audit logs",success,Unknown,"2024-10-06 18:37:25"
924,6826776,0,"admin view audit logs",success,Unknown,"2024-10-06 18:38:19"
925,6826776,0,"admin view server verify audit logs",success,Unknown,"2024-10-06 18:38:20"
926,6826776,0,"admin view audit logs",success,Unknown,"2024-10-06 18:38:54"
927,6826776,0,"admin view server verify audit logs",success,Unknown,"2024-10-06 18:38:54"
928,6826776,0,"admin view audit logs",success,Unknown,"2024-10-06 18:39:45"
929,6826776,0,"admin view server verify audit logs",success,Unknown,"2024-10-06 18:39:45"
930,6826776,0,"admin view audit logs",success,Unknown,"2024-10-06 18:40:26"
931,6826776,0,"admin view server verify audit logs",success,Unknown,"2024-10-06 18:40:27"
932,6826776,0,"admin view audit logs",success,Unknown,"2024-10-06 18:40:55"
933,6826776,0,"admin view server verify audit logs",success,Unknown,"2024-10-06 18:40:59"
934,6826776,0,"admin view audit logs",success,Unknown,"2024-10-06 18:41:19"
935,6826776,0,"admin view server audit logs",success,Unknown,"2024-10-06 18:41:20"
936,6826776,0,"admin view audit logs",success,Unknown,"2024-10-06 18:41:23"
937,6826776,0,"admin view server id applications",success,Unknown,"2024-10-06 18:41:23"
938,6826776,0,"admin verify id application",success,Unknown,"2024-10-06 18:41:34"
939,6826776,0,"admin view audit logs",success,Unknown,"2024-10-06 18:46:00"
940,6826776,0,"admin view server id applications",success,Unknown,"2024-10-06 18:46:00"
941,6826776,0,"admin approve id application",success,Unknown,"2024-10-06 18:46:04"
942,6826776,0,"admin view audit logs",success,Unknown,"2024-10-06 19:54:28"
943,6826776,0,"admin view server id applications",success,Unknown,"2024-10-06 19:54:28"
944,6826776,0,"admin verify id application",success,Unknown,"2024-10-06 19:54:32"
945,6826776,0,"admin view audit logs",success,Unknown,"2024-10-06 19:56:09"
946,6826776,0,"admin view server id applications",success,Unknown,"2024-10-06 19:56:09"
947,6826776,0,"admin verify id application",success,Unknown,"2024-10-06 19:56:12"
948,6826776,0,"admin view users",success,Unknown,"2024-10-06 19:57:11"
949,6826776,0,"admin view server users",success,Unknown,"2024-10-06 19:57:12"
950,6826776,0,"admin view audit logs",success,Unknown,"2024-10-06 19:57:16"
951,6826776,0,"admin view server id applications",success,Unknown,"2024-10-06 19:57:17"
952,6826776,0,"admin verify id application",success,Unknown,"2024-10-06 19:57:21"
953,6826776,0,"admin view server verify id application",success,Unknown,"2024-10-06 19:57:23"
954,6827435,0,"admin login",success,Unknown,"2024-10-06 20:37:18"
955,0,0,"admin view dashboard",failed,Unknown,"2024-10-06 20:37:18"
956,6827435,0,"admin login",success,Unknown,"2024-10-06 20:37:29"
957,6827435,0,"admin view dashboard",success,Unknown,"2024-10-06 20:37:33"
958,6827435,0,"admin view server dashboard",success,Unknown,"2024-10-06 20:37:33"
959,6827435,0,"admin view audit logs",success,Unknown,"2024-10-06 20:37:43"
960,6827435,0,"admin view server audit logs",success,Unknown,"2024-10-06 20:37:45"
961,6827435,0,"admin view audit logs",success,Unknown,"2024-10-06 20:37:51"
962,6827435,0,"admin view server verify audit logs",success,Unknown,"2024-10-06 20:37:52"
963,6827435,0,"admin view audit logs",success,Unknown,"2024-10-06 20:38:24"
964,6827435,0,"admin view server audit logs",success,Unknown,"2024-10-06 20:38:24"
965,6827435,0,"admin view audit logs",success,Unknown,"2024-10-06 20:38:27"
966,6827435,0,"admin view server verify audit logs",success,Unknown,"2024-10-06 20:38:28"
967,6827435,0,"admin view audit logs",success,Unknown,"2024-10-06 20:50:30"
968,6827435,0,"admin view server audit logs",success,Unknown,"2024-10-06 20:50:30"
969,6827435,0,"admin view audit logs",success,Unknown,"2024-10-06 20:50:35"
970,6827435,0,"admin view server verify audit logs",success,Unknown,"2024-10-06 20:50:35"
971,6827435,0,"admin view audit logs",success,Unknown,"2024-10-06 20:57:49"
972,6827435,0,"admin view server audit logs",success,Unknown,"2024-10-06 20:57:49"
973,6827435,0,"admin view audit logs",success,Unknown,"2024-10-06 20:58:17"
974,6827435,0,"admin view server verify audit logs",success,Unknown,"2024-10-06 20:58:18"
975,6827435,0,"admin view audit logs",success,Unknown,"2024-10-06 21:00:55"
976,6827435,0,"admin view server audit logs",success,Unknown,"2024-10-06 21:00:56"
977,6827435,0,"admin view audit logs",success,Unknown,"2024-10-06 21:00:59"
978,6827435,0,"admin view server verify audit logs",success,Unknown,"2024-10-06 21:00:59"
979,6827435,0,"admin view audit logs",success,Unknown,"2024-10-06 21:01:29"
980,6827435,0,"admin view server audit logs",success,Unknown,"2024-10-06 21:01:29"
981,6827435,0,"admin view audit logs",success,Unknown,"2024-10-06 21:01:32"
982,6827435,0,"admin view server verify audit logs",success,Unknown,"2024-10-06 21:01:33"
983,6827435,0,"admin view audit logs",success,Unknown,"2024-10-06 21:01:52"
984,6827435,0,"admin view server verify audit logs",success,Unknown,"2024-10-06 21:01:56"
985,6827435,0,"admin view audit logs",success,Unknown,"2024-10-06 21:06:59"
986,6827435,0,"admin view server verify audit logs",success,Unknown,"2024-10-06 21:06:59"
987,6827435,0,"admin view audit logs",success,Unknown,"2024-10-06 21:07:13"
988,6827435,0,"admin view server verify audit logs",success,Unknown,"2024-10-06 21:07:14"
989,6827435,0,"admin view audit logs",success,Unknown,"2024-10-06 21:07:30"
990,6827435,0,"admin view server audit logs",success,Unknown,"2024-10-06 21:07:30"
991,6827435,0,"admin view audit logs",success,Unknown,"2024-10-06 21:08:53"
992,6827435,0,"admin view server verify audit logs",success,Unknown,"2024-10-06 21:08:55"
993,6827435,0,"admin view audit logs",success,Unknown,"2024-10-06 21:09:24"
994,6827435,0,"admin view server verify audit logs",success,Unknown,"2024-10-06 21:09:25"
995,6827435,0,"admin view audit logs",success,Unknown,"2024-10-06 21:09:42"
996,6827435,0,"admin view server audit logs",success,Unknown,"2024-10-06 21:09:46"
997,6827435,0,"admin view audit logs",success,Unknown,"2024-10-06 21:09:49"
998,6827435,0,"admin view server verify audit logs",success,Unknown,"2024-10-06 21:09:50"
999,6827435,0,"admin view audit logs",success,Unknown,"2024-10-06 21:10:11"
1000,6827435,0,"admin view server audit logs",success,Unknown,"2024-10-06 21:10:12"
1001,6827435,0,"admin view audit logs",success,Unknown,"2024-10-06 21:10:17"
1002,6827435,0,"admin view server id applications",success,Unknown,"2024-10-06 21:10:17"
1003,6827435,0,"admin view users",success,Unknown,"2024-10-06 21:10:22"
1004,6827435,0,"admin view server users",success,Unknown,"2024-10-06 21:10:22"
1005,6827435,0,"admin view audit logs",success,Unknown,"2024-10-06 21:10:26"
1006,6827435,0,"admin view server id applications",success,Unknown,"2024-10-06 21:10:27"
1007,6827435,0,"admin view users",success,Unknown,"2024-10-06 21:10:32"
1008,6827435,0,"admin view server users",success,Unknown,"2024-10-06 21:10:33"
1009,6827435,0,"admin view audit logs",success,Unknown,"2024-10-06 21:12:17"
1010,6827435,0,"admin view server id applications",success,Unknown,"2024-10-06 21:12:18"
1011,6827435,0,"admin verify id application",success,Unknown,"2024-10-06 21:12:23"
1012,6827435,0,"admin view server verify id application",success,Unknown,"2024-10-06 21:12:23"
1013,6827435,0,"admin view audit logs",success,Unknown,"2024-10-06 22:31:06"
1014,6827435,0,"admin view server id applications",success,Unknown,"2024-10-06 22:31:09"
1015,6827435,0,"admin verify id application",success,Unknown,"2024-10-06 22:31:14"
1016,6827435,0,"admin view server verify id application",success,Unknown,"2024-10-06 22:31:16"
1017,6827435,0,"admin view audit logs",success,Unknown,"2024-10-06 22:33:18"
1018,6827435,0,"admin view server id applications",success,Unknown,"2024-10-06 22:33:19"
1019,6827435,0,"admin verify id application",success,Unknown,"2024-10-06 22:33:22"
1020,6827435,0,"admin view server verify id application",success,Unknown,"2024-10-06 22:33:22"
1021,6827435,0,"admin view users",success,Unknown,"2024-10-06 23:04:34"
1022,6827435,0,"admin view server users",success,Unknown,"2024-10-06 23:04:35"
1023,6827435,0,"admin view audit logs",success,Unknown,"2024-10-06 23:04:40"
1024,6827435,0,"admin view server id applications",success,Unknown,"2024-10-06 23:04:40"
1025,0,0,"admin view dashboard",failed,Unknown,"2024-10-06 23:04:48"
1026,6827435,0,"admin view dashboard",success,Unknown,"2024-10-06 23:04:50"
1027,6827435,0,"admin view server dashboard",success,Unknown,"2024-10-06 23:04:51"
1028,6827435,0,"admin view audit logs",success,Unknown,"2024-10-06 23:04:58"
1029,6827435,0,"admin view server id applications",success,Unknown,"2024-10-06 23:05:00"
1030,6827435,0,"admin verify id application",success,Unknown,"2024-10-06 23:05:06"
1031,6827435,0,"admin view server verify id application",success,Unknown,"2024-10-06 23:05:07"
1032,6827435,0,"admin view audit logs",success,Unknown,"2024-10-06 23:12:27"
1033,6827435,0,"admin view server id applications",success,Unknown,"2024-10-06 23:12:29"
1034,6827435,0,"admin view audit logs",success,Unknown,"2024-10-06 23:25:40"
1035,6827435,0,"admin view server audit logs",success,Unknown,"2024-10-06 23:25:41"
1036,6827435,0,"admin view audit logs",success,Unknown,"2024-10-06 23:25:46"
1037,6827435,0,"admin view server verify audit logs",success,Unknown,"2024-10-06 23:25:46"
1038,6827435,0,"admin view audit logs",success,Unknown,"2024-10-06 23:26:05"
1039,6827435,0,"admin view server audit logs",success,Unknown,"2024-10-06 23:26:05"
1040,6827435,0,"admin view audit logs",success,Unknown,"2024-10-06 23:26:11"
1041,6827435,0,"admin view server verify audit logs",success,Unknown,"2024-10-06 23:26:14"
1042,6827435,0,"admin view audit logs",success,Unknown,"2024-10-06 23:26:25"
1043,6827435,0,"admin view server audit logs",success,Unknown,"2024-10-06 23:26:26"
1044,6827435,0,"admin view audit logs",success,Unknown,"2024-10-06 23:26:29"
1045,6827435,0,"admin view server verify audit logs",success,Unknown,"2024-10-06 23:26:29"
1046,6827435,0,"admin view audit logs",success,Unknown,"2024-10-06 23:26:36"
1047,6827435,0,"admin view server id applications",success,Unknown,"2024-10-06 23:26:36"
1048,6827435,0,"admin verify id application",success,Unknown,"2024-10-06 23:26:43"
1049,6827435,0,"admin view server verify id application",success,Unknown,"2024-10-06 23:26:43"
1050,6827435,0,"admin view audit logs",success,Unknown,"2024-10-06 23:30:12"
1051,6827435,0,"admin view server id applications",success,Unknown,"2024-10-06 23:30:13"
1052,6827435,0,"admin verify id application",success,Unknown,"2024-10-06 23:32:18"
1053,6827435,0,"admin view server verify id application",success,Unknown,"2024-10-06 23:32:21"
1054,6827435,0,"admin view audit logs",success,Unknown,"2024-10-06 23:34:35"
1055,6827435,0,"admin view server id applications",success,Unknown,"2024-10-06 23:34:36"
1056,6827435,0,"admin approve id application",success,Unknown,"2024-10-06 23:34:40"
1057,6827435,0,"admin view audit logs",success,Unknown,"2024-10-06 23:34:43"
1058,6827435,0,"admin view server id applications",success,Unknown,"2024-10-06 23:34:43"
1059,6827435,0,"admin verify id application",success,Unknown,"2024-10-06 23:34:46"
1060,6827435,0,"admin view server verify id application",success,Unknown,"2024-10-06 23:34:47"
1061,6827435,0,"admin verify id application",success,Unknown,"2024-10-06 23:36:53"
1062,6827435,0,"admin view server verify id application",success,Unknown,"2024-10-06 23:36:53"
1063,6827435,0,"admin verify id application",success,Unknown,"2024-10-06 23:38:13"
1064,6827435,0,"admin view server verify id application",success,Unknown,"2024-10-06 23:38:20"
1065,6827435,0,"admin view audit logs",success,Unknown,"2024-10-06 23:39:13"
1066,6827435,0,"admin view server id applications",success,Unknown,"2024-10-06 23:39:13"
1067,6827435,0,"admin verify id application",success,Unknown,"2024-10-06 23:39:17"
1068,6827435,0,"admin view server verify id application",success,Unknown,"2024-10-06 23:39:18"
1069,6827435,0,"admin verify id application",success,Unknown,"2024-10-06 23:39:51"
1070,6827435,0,"admin view server verify id application",success,Unknown,"2024-10-06 23:39:52"
1071,6827435,0,"admin verify id application",success,Unknown,"2024-10-06 23:42:00"
1072,6827435,0,"admin view server verify id application",success,Unknown,"2024-10-06 23:42:00"
1073,6827435,0,"admin verify id application",success,Unknown,"2024-10-06 23:42:32"
1074,6827435,0,"admin view server verify id application",success,Unknown,"2024-10-06 23:42:36"
1075,6827435,0,"admin verify id application",success,Unknown,"2024-10-06 23:43:08"
1076,6827435,0,"admin view server verify id application",success,Unknown,"2024-10-06 23:43:10"
1077,6827435,0,"admin verify id application",success,Unknown,"2024-10-06 23:43:26"
1078,6827435,0,"admin view server verify id application",success,Unknown,"2024-10-06 23:43:27"
1079,6827435,0,"admin verify id application",success,Unknown,"2024-10-06 23:43:40"
1080,6827435,0,"admin view server verify id application",success,Unknown,"2024-10-06 23:43:41"
1081,6827435,0,"admin verify id application",success,Unknown,"2024-10-06 23:44:11"
1082,6827435,0,"admin view server verify id application",success,Unknown,"2024-10-06 23:44:12"
1083,6827435,0,"admin verify id application",success,Unknown,"2024-10-06 23:45:11"
1084,6827435,0,"admin view server verify id application",success,Unknown,"2024-10-06 23:45:14"
1085,6827435,0,"admin verify id application",success,Unknown,"2024-10-06 23:45:32"
1086,6827435,0,"admin view server verify id application",success,Unknown,"2024-10-06 23:45:33"
1087,6827435,0,"admin verify id application",success,Unknown,"2024-10-06 23:45:59"
1088,6827435,0,"admin view server verify id application",success,Unknown,"2024-10-06 23:46:00"
1089,6827435,0,"admin verify id application",success,Unknown,"2024-10-06 23:46:34"
1090,6827435,0,"admin view server verify id application",success,Unknown,"2024-10-06 23:46:34"
1091,6827435,0,"admin view audit logs",success,Unknown,"2024-10-06 23:46:50"
1092,6827435,0,"admin view server id applications",success,Unknown,"2024-10-06 23:46:51"
1093,6827435,0,"admin verify id application",success,Unknown,"2024-10-06 23:47:25"
1094,6827435,0,"admin view server verify id application",success,Unknown,"2024-10-06 23:47:25"
1095,6827435,0,"admin verify id application",success,Unknown,"2024-10-06 23:47:46"
1096,6827435,0,"admin view server verify id application",success,Unknown,"2024-10-06 23:47:47"
1097,6827435,0,"admin view audit logs",success,Unknown,"2024-10-06 23:50:42"
1098,6827435,0,"admin view server id applications",success,Unknown,"2024-10-06 23:50:42"
1099,6827435,0,"admin verify id application",success,Unknown,"2024-10-06 23:50:46"
1100,6827435,0,"admin view server verify id application",success,Unknown,"2024-10-06 23:50:46"
1101,6827435,0,"admin view audit logs",success,Unknown,"2024-10-06 23:52:18"
1102,6827435,0,"admin view server id applications",success,Unknown,"2024-10-06 23:52:18"
1103,6827435,0,"admin approve id application",success,Unknown,"2024-10-06 23:52:21"
1104,6827435,0,"admin view audit logs",success,Unknown,"2024-10-06 23:52:24"
1105,6827435,0,"admin view server id applications",success,Unknown,"2024-10-06 23:52:25"
1106,6827435,0,"admin verify id application",success,Unknown,"2024-10-06 23:52:27"
1107,6827435,0,"admin view server verify id application",success,Unknown,"2024-10-06 23:52:28"
1108,6827435,0,"admin view audit logs",success,Unknown,"2024-10-06 23:53:41"
1109,6827435,0,"admin view server id applications",success,Unknown,"2024-10-06 23:53:41"
1110,6827435,0,"admin verify id application",success,Unknown,"2024-10-06 23:53:44"
1111,6827435,0,"admin view server verify id application",success,Unknown,"2024-10-06 23:53:45"
1112,6827435,0,"admin view audit logs",success,Unknown,"2024-10-06 23:55:49"
1113,6827435,0,"admin view server id applications",success,Unknown,"2024-10-06 23:55:49"
1114,6827435,0,"admin verify id application",success,Unknown,"2024-10-06 23:55:52"
1115,6827435,0,"admin view server verify id application",success,Unknown,"2024-10-06 23:55:53"
1116,6827435,0,"admin view audit logs",success,Unknown,"2024-10-06 23:56:17"
1117,6827435,0,"admin view server id applications",success,Unknown,"2024-10-06 23:56:18"
1118,6827435,0,"admin verify id application",success,Unknown,"2024-10-06 23:56:21"
1119,6827435,0,"admin view server verify id application",success,Unknown,"2024-10-06 23:56:21"
1120,6827435,0,"admin view audit logs",success,Unknown,"2024-10-06 23:57:29"
1121,6827435,0,"admin view server id applications",success,Unknown,"2024-10-06 23:57:30"
1122,6827435,0,"admin verify id application",success,Unknown,"2024-10-06 23:57:33"
1123,6827435,0,"admin view server verify id application",success,Unknown,"2024-10-06 23:57:34"
1124,6827435,0,"admin verify id application",success,Unknown,"2024-10-07 00:00:03"
1125,6827435,0,"admin view server verify id application",success,Unknown,"2024-10-07 00:00:03"
1126,6827435,0,"admin view audit logs",success,Unknown,"2024-10-07 00:10:10"
1127,6827435,0,"admin view server id applications",success,Unknown,"2024-10-07 00:10:10"
1128,6827435,0,"admin verify id application",success,Unknown,"2024-10-07 00:10:13"
1129,6827435,0,"admin view server verify id application",success,Unknown,"2024-10-07 00:10:13"
1130,6827435,0,"admin view audit logs",success,Unknown,"2024-10-07 00:11:58"
1131,6827435,0,"admin view server id applications",success,Unknown,"2024-10-07 00:11:59"
1132,6827435,0,"admin verify id application",success,Unknown,"2024-10-07 00:12:01"
1133,6827435,0,"admin view server verify id application",success,Unknown,"2024-10-07 00:12:02"
1134,6827435,0,"admin view audit logs",success,Unknown,"2024-10-07 00:12:05"
1135,6827435,0,"admin view server id applications",success,Unknown,"2024-10-07 00:12:05"
1136,6827435,0,"admin verify id application",success,Unknown,"2024-10-07 00:13:48"
1137,6827435,0,"admin view server verify id application",success,Unknown,"2024-10-07 00:13:48"
1138,6827435,0,"admin verify id application",success,Unknown,"2024-10-07 00:14:34"
1139,6827435,0,"admin view server verify id application",success,Unknown,"2024-10-07 00:14:35"
1140,6827435,0,"admin verify id application",success,Unknown,"2024-10-07 00:16:46"
1141,6827435,0,"admin view server verify id application",success,Unknown,"2024-10-07 00:16:46"
1142,6827435,0,"admin view audit logs",success,Unknown,"2024-10-07 00:18:27"
1143,6827435,0,"admin view server id applications",success,Unknown,"2024-10-07 00:18:27"
1144,6827435,0,"admin verify id application",success,Unknown,"2024-10-07 00:18:31"
1145,6827435,0,"admin view server verify id application",success,Unknown,"2024-10-07 00:18:31"
1146,6827435,0,"admin verify id application",success,Unknown,"2024-10-07 00:20:45"
1147,6827435,0,"admin view server verify id application",success,Unknown,"2024-10-07 00:20:46"
1148,6827435,0,"admin verify id application",success,Unknown,"2024-10-07 00:23:40"
1149,6827435,0,"admin view server verify id application",success,Unknown,"2024-10-07 00:23:40"
1150,6827435,0,"admin view audit logs",success,Unknown,"2024-10-07 00:25:36"
1151,6827435,0,"admin view server id applications",success,Unknown,"2024-10-07 00:25:36"
1152,6827435,0,"admin view audit logs",success,Unknown,"2024-10-07 00:27:11"
1153,6827435,0,"admin view server audit logs",success,Unknown,"2024-10-07 00:27:13"
1154,6827435,0,"admin view audit logs",success,Unknown,"2024-10-07 00:27:16"
1155,6827435,0,"admin view server verify audit logs",success,Unknown,"2024-10-07 00:27:17"
1156,6827435,0,"admin view audit logs",success,Unknown,"2024-10-07 00:27:28"
1157,6827435,0,"admin view server audit logs",success,Unknown,"2024-10-07 00:27:30"
1158,6827435,0,"admin view audit logs",success,Unknown,"2024-10-07 00:27:42"
1159,6827435,0,"admin view server id applications",success,Unknown,"2024-10-07 00:27:43"
1160,6827435,0,"admin verify id application",success,Unknown,"2024-10-07 00:27:45"
1161,6827435,0,"admin view server verify id application",success,Unknown,"2024-10-07 00:27:48"
1162,6827435,0,"admin view audit logs",success,Unknown,"2024-10-07 00:28:35"
1163,6827435,0,"admin view server id applications",success,Unknown,"2024-10-07 00:28:36"
1164,6827435,0,"admin verify id application",success,Unknown,"2024-10-07 00:29:00"
1165,6827435,0,"admin view server verify id application",success,Unknown,"2024-10-07 00:29:00"
1166,6827435,0,"admin view audit logs",success,Unknown,"2024-10-07 00:34:13"
1167,6827435,0,"admin view server id applications",success,Unknown,"2024-10-07 00:34:14"
1168,6827435,0,"admin verify id application",success,Unknown,"2024-10-07 00:34:57"
1169,6827435,0,"admin view server verify id application",success,Unknown,"2024-10-07 00:34:59"
1170,6827435,0,"admin view audit logs",success,Unknown,"2024-10-07 00:35:04"
1171,6827435,0,"admin view server id applications",success,Unknown,"2024-10-07 00:35:04"
1172,6827435,0,"admin verify id application",success,Unknown,"2024-10-07 00:37:33"
1173,6827435,0,"admin view server verify id application",success,Unknown,"2024-10-07 00:37:33"
1174,6827435,0,"admin view audit logs",success,Unknown,"2024-10-07 00:37:37"
1175,6827435,0,"admin view server id applications",success,Unknown,"2024-10-07 00:37:37"
1176,0,0,"admin view dashboard",failed,Unknown,"2024-10-07 00:38:08"
1177,6827435,0,"admin view dashboard",success,Unknown,"2024-10-07 00:38:09"
1178,6827435,0,"admin view server dashboard",success,Unknown,"2024-10-07 00:38:10"
1179,6827435,0,"admin view audit logs",success,Unknown,"2024-10-07 00:38:19"
1180,6827435,0,"admin view server id applications",success,Unknown,"2024-10-07 00:38:20"
1181,6827435,0,"admin verify id application",success,Unknown,"2024-10-07 00:38:25"
1182,6827435,0,"admin view server verify id application",success,Unknown,"2024-10-07 00:38:27"
1183,6827435,0,"admin view audit logs",success,Unknown,"2024-10-07 00:38:37"
1184,6827435,0,"admin view server id applications",success,Unknown,"2024-10-07 00:38:37"
1185,6827435,0,"admin verify id application",success,Unknown,"2024-10-07 00:40:25"
1186,6827435,0,"admin view server verify id application",success,Unknown,"2024-10-07 00:40:26"
1187,6827435,0,"admin view audit logs",success,Unknown,"2024-10-07 00:40:31"
1188,6827435,0,"admin view server id applications",success,Unknown,"2024-10-07 00:40:32"
1189,6828502,0,"admin login",success,Unknown,"2024-10-07 00:42:24"
1190,0,0,"admin view dashboard",failed,Unknown,"2024-10-07 00:42:24"
1191,6828502,0,"admin login",success,Unknown,"2024-10-07 00:42:31"
1192,6828502,0,"admin view dashboard",success,Unknown,"2024-10-07 00:42:32"
1193,6828502,0,"admin view server dashboard",success,Unknown,"2024-10-07 00:42:32"
1194,6828502,0,"admin view audit logs",success,Unknown,"2024-10-07 00:42:35"
1195,6828502,0,"admin view server id applications",success,Unknown,"2024-10-07 00:42:36"
1196,6828502,0,"admin verify id application",success,Unknown,"2024-10-07 00:42:42"
1197,6828502,0,"admin view server verify id application",success,Unknown,"2024-10-07 00:42:43"
1198,6828502,0,"admin view audit logs",success,Unknown,"2024-10-07 00:42:50"
1199,6828502,0,"admin view server id applications",success,Unknown,"2024-10-07 00:42:51"
1200,6828502,0,"admin view users",success,Unknown,"2024-10-07 00:42:59"
1201,6828502,0,"admin view server users",success,Unknown,"2024-10-07 00:43:00"
1202,6832105,0,"admin login",success,Unknown,"2024-10-07 14:13:27"
1203,0,0,"admin view dashboard",failed,Unknown,"2024-10-07 14:13:27"
1204,6832105,0,"admin login",success,Unknown,"2024-10-07 14:13:36"
1205,6832105,0,"admin view dashboard",success,Unknown,"2024-10-07 14:13:36"
1206,6832105,0,"admin view server dashboard",success,Unknown,"2024-10-07 14:13:36"
1207,6832105,0,"admin view audit logs",success,Unknown,"2024-10-07 14:14:34"
1208,6832105,0,"admin view server id applications",success,Unknown,"2024-10-07 14:14:34"
1209,6832105,0,"admin verify id application",success,Unknown,"2024-10-07 14:14:42"
1210,6832105,0,"admin view server verify id application",success,Unknown,"2024-10-07 14:14:43"
1211,6832105,0,"admin view audit logs",success,Unknown,"2024-10-07 14:14:55"
1212,6832105,0,"admin view server audit logs",success,Unknown,"2024-10-07 14:14:57"
1213,6832105,0,"admin view audit logs",success,Unknown,"2024-10-07 14:15:01"
1214,6832105,0,"admin view server verify audit logs",success,Unknown,"2024-10-07 14:15:01"
1215,6832105,0,"admin view audit logs",success,Unknown,"2024-10-07 14:16:13"
1216,6832105,0,"admin view server audit logs",success,Unknown,"2024-10-07 14:16:13"
1217,6832127,0,"admin login",success,Unknown,"2024-10-07 14:18:11"
1218,0,0,"admin view dashboard",failed,Unknown,"2024-10-07 14:18:11"
1219,6832129,0,"admin login",success,Unknown,"2024-10-07 14:18:22"
1220,6832129,0,"admin view dashboard",success,Unknown,"2024-10-07 14:18:23"
1221,6832129,0,"admin view server dashboard",success,Unknown,"2024-10-07 14:18:23"
1222,6832129,0,"admin view audit logs",success,Unknown,"2024-10-07 14:18:31"
1223,6832129,0,"admin view server audit logs",success,Unknown,"2024-10-07 14:18:31"
1224,6832129,0,"admin view audit logs",success,Unknown,"2024-10-07 14:18:35"
1225,6832129,0,"admin view server verify audit logs",success,Unknown,"2024-10-07 14:18:35"
1226,6832129,0,"admin view audit logs",success,Unknown,"2024-10-07 14:18:56"
1227,6832129,0,"admin view server id applications",success,Unknown,"2024-10-07 14:18:57"
1228,6832129,0,"admin verify id application",success,Unknown,"2024-10-07 14:19:02"
1229,6832129,0,"admin view server verify id application",success,Unknown,"2024-10-07 14:19:04"
1230,0,0,"admin view dashboard",failed,Unknown,"2024-10-07 14:19:12"
1231,6832129,0,"admin view dashboard",success,Unknown,"2024-10-07 14:19:12"
1232,6832129,0,"admin view server dashboard",success,Unknown,"2024-10-07 14:19:13"
1233,6832732,0,"admin login",success,Unknown,"2024-10-07 16:37:54"
1234,0,0,"admin view dashboard",failed,Unknown,"2024-10-07 16:37:54"
1235,6832734,0,"admin login",success,Unknown,"2024-10-07 16:38:03"
1236,6832734,0,"admin view dashboard",success,Unknown,"2024-10-07 16:38:03"
1237,6832734,0,"admin view server dashboard",success,Unknown,"2024-10-07 16:38:04"
1238,6832734,0,"admin view audit logs",success,Unknown,"2024-10-07 16:38:12"
1239,6832734,0,"admin view server id applications",success,Unknown,"2024-10-07 16:38:12"
1240,6832734,0,"admin verify id application",success,Unknown,"2024-10-07 16:38:18"
1241,6832734,0,"admin view server verify id application",success,Unknown,"2024-10-07 16:38:19"
1242,6832734,0,"admin view audit logs",success,Unknown,"2024-10-07 17:15:12"
1243,6832734,0,"admin view server id applications",success,Unknown,"2024-10-07 17:15:13"
1244,6832734,0,"admin verify id application",success,Unknown,"2024-10-07 17:15:18"
1245,6832734,0,"admin view server verify id application",success,Unknown,"2024-10-07 17:15:18"
1246,6832734,0,"admin view audit logs",success,Unknown,"2024-10-07 17:15:27"
1247,6832734,0,"admin view server id applications",success,Unknown,"2024-10-07 17:15:28"
1248,6832734,0,"admin verify id application",success,Unknown,"2024-10-07 17:23:17"
1249,6832734,0,"admin view server verify id application",success,Unknown,"2024-10-07 17:23:17"
1250,6832734,0,"admin view audit logs",success,Unknown,"2024-10-07 17:23:23"
1251,6832734,0,"admin view server id applications",success,Unknown,"2024-10-07 17:23:23"
1252,6832734,0,"admin verify id application",success,Unknown,"2024-10-07 17:25:36"
1253,6832734,0,"admin view server verify id application",success,Unknown,"2024-10-07 17:25:36"
1254,6832734,0,"admin verify id application",success,Unknown,"2024-10-07 17:26:43"
1255,6832734,0,"admin view server verify id application",success,Unknown,"2024-10-07 17:26:44"
1256,6832734,0,"admin view audit logs",success,Unknown,"2024-10-07 17:26:50"
1257,6832734,0,"admin view server id applications",success,Unknown,"2024-10-07 17:26:50"
1258,6832734,0,"admin verify id application",success,Unknown,"2024-10-07 17:28:30"
1259,6832734,0,"admin view server verify id application",success,Unknown,"2024-10-07 17:28:31"
1260,6832734,0,"admin view audit logs",success,Unknown,"2024-10-07 17:28:35"
1261,6832734,0,"admin view server id applications",success,Unknown,"2024-10-07 17:28:35"
1262,6832734,0,"admin view audit logs",success,Unknown,"2024-10-07 17:28:59"
1263,6832734,0,"admin view server civil registrations",success,Unknown,"2024-10-07 17:28:59"
1264,6832734,0,"admin view audit logs",success,Unknown,"2024-10-07 17:29:02"
1265,6832734,0,"admin view server id applications",success,Unknown,"2024-10-07 17:29:03"
1266,6832734,0,"admin verify id application",success,Unknown,"2024-10-07 17:29:50"
1267,6832734,0,"admin view server verify id application",success,Unknown,"2024-10-07 17:29:50"
1268,6832734,0,"admin verify id application",success,Unknown,"2024-10-07 17:38:41"
1269,6832734,0,"admin view server verify id application",success,Unknown,"2024-10-07 17:38:43"
1270,6832734,0,"admin view audit logs",success,Unknown,"2024-10-07 17:39:16"
1271,6832734,0,"admin view server id applications",success,Unknown,"2024-10-07 17:39:17"
1272,6832734,0,"admin verify id application",success,Unknown,"2024-10-07 17:39:32"
1273,6832734,0,"admin view server verify id application",success,Unknown,"2024-10-07 17:39:32"
1274,6832734,0,"admin view audit logs",success,Unknown,"2024-10-07 17:46:21"
1275,6832734,0,"admin view server id applications",success,Unknown,"2024-10-07 17:46:22"
1276,6832734,0,"admin verify id application",success,Unknown,"2024-10-07 17:46:26"
1277,6832734,0,"admin view server verify id application",success,Unknown,"2024-10-07 17:46:26"
1278,6832734,0,"admin view audit logs",success,Unknown,"2024-10-07 17:46:52"
1279,6832734,0,"admin view server id applications",success,Unknown,"2024-10-07 17:46:54"
1280,6832734,0,"admin verify id application",success,Unknown,"2024-10-07 17:47:14"
1281,6832734,0,"admin view server verify id application",success,Unknown,"2024-10-07 17:47:15"
1646,6848402,0,"admin view audit logs",success,Unknown,"2024-10-10 07:12:34"
1647,6848402,0,"admin view server verify audit logs",success,Unknown,"2024-10-10 07:12:36"
1648,6848402,0,"admin view users",success,Unknown,"2024-10-10 07:14:15"
1649,6848402,0,"admin view server users",success,Unknown,"2024-10-10 07:14:15"
1650,6848402,0,"admin view audit logs",success,Unknown,"2024-10-10 07:14:19"
1651,6848402,0,"admin view server audit logs",success,Unknown,"2024-10-10 07:14:19"
1652,6848402,0,"admin view audit logs",success,Unknown,"2024-10-10 07:14:22"
1653,6848402,0,"admin view server verify audit logs",success,Unknown,"2024-10-10 07:14:22"
